"Bill of Material for DataLogger.PrjPCB"
"On 8/20/2010 at 11:30:06 PM"

"Comment","Pattern","Quantity","Components"

"ACS712","751-05_N","2","U7, U8",""
"AT45DB161","SOP8","1","U6",""
"Cap Pol1","C","5","C10, C11, C12, C13, C15","Polarized Capacitor (Radial)"
"Cap Pol1","CAPPR2-5x6.8","3","C16, C17, X2","Polarized Capacitor (Radial)"
"Cap Semi","C1206","4","C5, C6, C7, C14","Capacitor (Semiconductor SIM Model)"
"Cap","C1206","2","C8, C9","Capacitor"
"Cap","CAPR2.54-5.1x3.2","2","C3, C4","Capacitor"
"Cap","CAPR5.08-7.8x3.2","2","C1, C2","Capacitor"
"D Connector 9","DSUB1.385-2H9","1","J1","Receptacle Assembly, 9 Position, Right Angle"
"Diode 1N4001","DIODE-0.4","1","D1","High Conductance Fast Diode"
"Header 2","HDR1X2","1","P7","Header, 2-Pin"
"Header 6","HDR1X6","2","ICSP, P_AUX","Header, 6-Pin"
"Header 9H","HDR1X9H","1","P_SD","Header, 9-Pin, Right Angle"
"L78L05ACZ","TO92","2","U3, U4","Positive Voltage Regulator"
"LED","LED","3","L1, L2, L3",""
"MAX232ACPE","PE16A","1","U5","+5V Powered, Multi-Channel RS-232 Driver/Receiver"
"MC74HC14AN","646-06","1","U2","Hex Schmitt Trigger Inverter"
"PIC18F4585-I/P","PDIP600-P40","1","U1","Enhanced Flash Microcontroller with ECAN Technology, 10-Bit A/D and nanoWatt Technology, 48K Flash, 40-Pin PDIP, Industrial Temperature Range"
"PWR2.5","KLD-0202","1","J2","Low Voltage Power Supply Connector"
"Res Semi","AXIAL-0.4","18","R0, R1, R2, R3, R4, R10, R11, R12, R13, R14, R15, R16, R17, R18, R19, R20, R21, R30","Semiconductor Resistor"
"TACT_SW","TACT_SW","1","S8",""
"XTAL","XTAL","1","X1",""
